id,Target
1,9.4
2,12.4
3,5.6
4,11.6
5,10.4
6,10.2
7,10.4
8,7.6
9,9.8
10,10.2
11,9.4
12,7.4
13,9.4
14,8.8
15,13.8
16,11.6
17,14.8
18,6.8
19,11.2
20,10.6
21,9.0
22,9.6
23,11.2
24,9.2
25,10.6
26,6.6
27,13.0
28,13.4
29,11.8
30,9.2
31,9.6
32,10.0
33,6.2
34,9.8
35,10.4
36,6.2
37,9.2
38,9.6
39,12.6
40,9.0
41,12.4
42,7.4
43,11.0
44,10.4
45,6.4
46,9.0
47,8.6
48,11.2
49,10.4
50,7.8
51,8.8
52,8.8
53,10.8
54,10.4
55,8.0
56,9.2
57,10.8
58,9.6
59,11.2
60,5.8
61,11.2
62,13.0
63,6.2
64,14.8
65,11.4
66,10.8
67,8.0
68,8.2
69,12.0
70,8.0
71,10.0
72,8.4
73,6.8
74,7.4
75,10.8
76,6.8
77,13.2
78,10.0
79,9.6
80,8.6
81,11.8
82,11.4
83,9.6
84,6.2
85,9.0
86,7.0
87,9.0
88,7.0
89,8.2
90,9.6
91,12.0
92,9.2
93,10.8
94,10.8
95,10.4
96,9.0
97,10.0
98,10.6
99,9.4
100,9.2
101,12.6
102,9.2
103,11.4
104,10.8
105,12.0
106,8.0
107,10.8
108,7.4
109,9.2
110,9.6
111,9.6
112,10.2
113,14.8
114,7.8
115,8.6
116,9.4
117,9.6
118,9.8
119,7.6
120,10.4
121,7.6
122,12.6
123,11.6
124,7.6
125,5.6
126,11.4
127,11.8
128,11.8
129,11.0
130,13.2
131,7.2
132,7.6
133,5.8
134,8.0
135,11.6
136,13.0
137,9.8
138,8.6
139,6.8
140,9.4
141,12.0
142,7.0
143,9.4
144,12.4
145,9.8
146,9.8
147,11.8
148,10.2
149,3.6
150,10.0
151,11.4
152,6.6
153,7.2
154,10.4
155,11.8
156,8.4
157,11.6
158,11.6
159,8.2
160,12.4
161,11.6
162,6.2
163,9.6
164,14.2
165,9.2
166,7.0
167,6.2
168,15.8
169,9.0
170,14.6
171,6.4
172,9.6
173,12.0
174,10.8
175,7.8
176,10.2
177,6.4
178,13.4
179,13.4
180,12.2
181,7.4
182,9.4
183,8.6
184,9.6
185,8.4
186,9.4
187,6.8
188,9.2
189,10.0
190,13.4
191,9.0
192,10.0
193,7.4
194,6.6
195,10.6
196,8.2
197,9.4
198,7.8
199,10.2
200,8.2
201,8.4
202,10.0
203,10.8
204,6.8
205,9.4
206,7.4
207,9.0
208,9.4
209,21.4
210,8.6
211,8.6
212,7.6
213,13.2
214,9.2
215,7.6
216,8.8
217,9.8
218,17.4
219,7.8
220,8.8
221,5.4
222,13.0
223,11.6
224,9.2
225,9.4
226,6.0
227,10.4
228,8.2
229,8.4
230,11.4
231,8.8
232,7.0
233,7.2
234,10.8
235,11.8
236,5.8
237,9.6
238,10.0
239,10.2
240,10.8
241,9.8
242,13.2
243,7.4
244,5.2
245,14.2
246,12.0
247,12.4
248,8.6
249,8.2
250,10.2
251,11.4
252,6.6
253,7.8
254,11.2
255,10.0
256,6.8
257,9.6
258,11.4
259,7.2
260,7.4
261,8.8
262,8.6
263,14.8
264,9.0
265,3.8
266,10.2
267,11.0
268,7.2
269,7.4
270,12.4
271,11.4
272,8.0
273,13.4
274,13.6
275,8.4
276,11.4
277,13.4
278,11.6
279,10.4
280,10.8
281,4.6
282,9.8
283,5.6
284,7.4
285,13.4
286,9.0
287,11.8
288,11.0
289,9.0
290,6.4
291,10.0
292,7.2
293,9.6
294,10.0
295,12.8
296,8.0
297,9.6
298,9.6
299,10.0
300,9.0
301,7.4
302,6.6
303,10.2
304,11.0
305,10.4
306,15.0
307,12.8
308,8.8
309,6.4
310,8.8
311,14.6
312,11.4
313,7.4
314,8.8
315,12.0
316,10.0
317,11.2
318,8.8
319,7.0
320,7.6
321,10.0
322,6.0
323,8.4
324,4.8
325,8.6
326,10.8
327,9.6
328,11.6
329,9.6
330,10.2
331,12.0
332,10.4
333,8.8
334,7.8
335,11.2
336,7.6
337,9.0
338,10.4
339,10.2
340,14.0
341,9.2
342,9.4
343,10.8
344,8.8
345,6.2
346,10.4
347,10.6
348,11.8
349,13.0
350,11.6
351,8.2
352,9.8
353,10.6
354,11.6
355,9.2
356,7.0
357,7.0
358,8.8
359,13.2
360,14.6
361,10.8
362,9.2
363,7.6
364,7.8
365,12.0
366,16.4
367,7.8
368,8.8
369,9.0
370,13.2
371,8.8
372,8.8
373,10.0
374,9.6
375,10.0
376,9.4
377,8.0
378,5.8
379,8.6
380,12.4
381,9.8
382,8.8
383,10.2
384,10.0
385,7.2
386,10.2
387,13.8
388,8.8
389,12.2
390,10.6
391,9.4
392,9.2
393,8.2
394,8.6
395,9.8
396,9.0
397,7.4
398,11.4
399,9.2
400,15.0
401,14.2
402,10.2
403,6.0
404,9.0
405,14.6
406,10.0
407,10.4
408,12.2
409,11.0
410,9.6
411,7.6
412,7.6
413,9.4
414,8.0
415,9.2
416,9.4
417,9.2
418,3.8
419,13.6
420,9.0
421,10.4
422,9.2
423,6.2
424,8.8
425,12.2
426,13.0
427,8.6
428,9.8
429,9.8
430,10.0
431,9.6
432,8.0
433,9.6
434,15.4
435,10.4
436,11.4
437,8.8
438,8.6
439,13.2
440,10.0
441,8.6
442,8.6
443,9.2
444,10.2
445,13.4
446,4.8
447,10.8
448,9.6
449,10.0
450,13.2
451,10.6
452,9.8
453,9.0
454,9.2
455,9.8
456,6.8
457,11.4
458,10.6
459,12.2
460,8.6
461,11.0
462,9.6
463,8.0
464,6.8
465,8.6
466,8.6
467,10.4
468,7.4
469,9.0
470,6.0
471,11.0
472,9.0
473,9.2
474,11.8
475,12.0
476,8.6
477,8.4
478,10.4
479,11.4
480,9.6
481,16.6
482,11.2
483,10.4
484,10.8
485,12.8
486,10.2
487,11.2
488,10.4
489,13.2
490,10.8
491,13.0
492,8.6
493,9.0
494,11.0
495,8.2
496,14.2
497,9.8
498,8.4
499,11.2
500,8.0
501,6.6
502,9.8
503,11.8
504,9.4
505,10.4
506,8.0
507,8.0
508,9.6
509,8.4
510,8.0
511,9.4
512,10.2
513,7.6
514,12.6
515,12.0
516,9.0
517,8.8
518,9.6
519,5.8
520,7.4
521,10.4
522,10.8
523,6.2
524,7.0
525,11.2
526,10.0
527,15.4
528,12.0
529,6.2
530,13.0
531,12.0
532,9.6
533,11.2
534,9.2
535,10.4
536,7.0
537,8.8
538,8.0
539,11.8
540,12.0
541,11.8
542,4.8
543,10.0
544,10.0
545,10.2
546,9.6
547,15.8
548,10.6
549,9.4
550,9.4
551,10.0
552,10.0
553,9.2
554,12.2
555,9.4
556,7.8
557,9.2
558,7.8
559,15.4
560,7.4
561,15.0
562,8.8
563,9.6
564,10.2
565,12.0
566,13.2
567,7.6
568,11.6
569,10.8
570,7.0
571,9.4
572,14.8
573,7.0
574,10.0
575,9.4
576,11.0
577,8.6
578,8.0
579,8.2
580,9.2
581,8.2
582,8.0
583,6.2
584,9.0
585,11.4
586,7.6
587,7.8
588,11.0
589,11.2
590,10.8
591,8.6
592,10.4
593,3.8
594,8.6
595,9.8
596,8.8
597,9.4
598,6.4
599,10.2
600,9.6
601,15.4
602,8.0
603,9.2
604,9.8
605,7.4
606,9.6
607,11.4
608,9.2
609,10.2
610,6.0
611,8.8
612,9.2
613,8.8
614,7.2
615,8.6
616,5.8
617,10.2
618,7.6
619,10.2
620,12.0
621,9.8
622,8.8
623,8.8
624,9.8
625,9.8
626,8.0
627,18.4
628,9.6
629,10.8
630,14.8
631,12.8
632,10.4
633,14.0
634,10.4
635,9.6
636,11.0
637,7.0
638,9.2
639,9.6
640,4.2
641,15.2
642,13.6
643,12.8
644,12.0
645,9.2
646,9.4
647,7.0
648,7.6
649,11.8
650,9.8
651,10.6
652,9.6
653,8.4
654,10.0
655,10.2
656,8.0
657,5.6
658,13.8
659,7.6
660,9.4
661,6.6
662,11.0
663,9.8
664,9.6
665,10.6
666,14.6
667,10.4
668,7.8
669,11.8
670,7.8
671,10.2
672,11.8
673,6.4
674,13.2
675,13.0
676,11.8
677,15.2
678,14.4
679,10.2
680,14.4
681,7.8
682,9.8
683,9.8
684,14.8
685,7.6
686,13.2
687,6.8
688,9.8
689,3.8
690,10.0
691,3.8
692,8.6
693,12.4
694,12.2
695,10.0
696,12.8
697,10.8
698,9.8
699,10.2
700,11.0
701,8.0
702,8.0
703,7.2
704,9.2
705,10.0
706,13.0
707,10.4
708,8.8
709,11.0
710,6.2
711,10.4
712,7.4
713,11.8
714,9.0
715,11.0
716,8.6
717,5.6
718,4.6
719,12.8
720,8.0
721,10.6
722,7.4
723,3.8
724,9.4
725,9.2
726,11.2
727,12.0
728,7.0
729,10.8
730,9.6
731,9.2
732,9.6
733,9.2
734,8.2
735,5.4
736,7.4
737,11.0
738,7.0
739,9.4
740,11.0
741,10.8
742,11.0
743,15.2
744,12.6
745,9.8
746,11.4
747,12.6
748,6.2
749,12.0
750,9.8
751,4.0
752,15.8
753,12.0
754,9.4
755,9.0
756,11.4
757,14.4
758,10.8
759,9.0
760,11.4
761,9.2
762,9.8
763,10.4
764,10.2
765,10.0
766,8.2
767,6.8
768,13.0
769,8.6
770,12.8
771,11.6
772,9.8
773,12.8
774,10.0
775,7.0
776,8.8
777,7.4
778,10.6
779,10.8
780,7.8
781,8.8
782,10.2
783,10.6
784,10.2
785,7.6
786,10.0
787,10.6
788,7.8
789,3.8
790,10.4
791,10.2
792,4.8
793,8.8
794,10.4
795,7.2
796,9.0
797,11.0
798,9.2
799,8.4
800,7.8
801,10.8
802,6.8
803,10.2
804,11.4
805,9.8
806,7.8
807,12.8
808,6.4
809,10.6
810,11.0
811,10.8
812,8.0
813,12.8
814,13.4
815,8.2
816,9.6
817,9.8
818,8.0
819,6.8
820,9.2
821,7.2
822,14.0
823,10.6
824,8.4
825,9.8
826,10.0
827,4.4
828,8.2
829,7.8
830,13.8
831,10.2
832,6.2
833,3.6
834,10.8
835,4.8
836,12.6
837,10.4
838,16.6
839,9.0
840,7.2
841,7.8
842,14.2
843,7.4
844,6.4
845,15.8
846,7.8
847,9.2
848,11.4
849,8.0
850,10.4
851,9.2
852,6.8
853,14.0
854,11.6
855,8.2
856,8.0
857,6.0
858,12.0
859,8.4
860,10.2
861,7.6
862,9.2
863,6.8
864,6.4
865,5.0
866,7.0
867,8.6
868,8.4
869,7.2
870,6.8
871,11.2
872,11.4
873,11.0
874,8.6
875,10.8
876,10.0
877,9.2
878,9.6
879,9.2
880,9.6
881,6.8
882,10.6
883,6.8
884,9.6
885,13.0
886,8.2
887,9.2
888,8.8
889,7.0
890,11.0
891,8.2
892,7.2
893,16.0
894,9.6
895,9.8
896,6.4
897,10.2
898,7.2
899,9.8
900,9.2
901,8.6
902,8.8
903,10.4
904,8.6
905,8.2
906,9.4
907,8.6
908,10.0
909,9.8
910,11.8
911,9.6
912,12.4
913,11.8
914,8.6
915,9.6
916,8.0
917,6.2
918,8.0
919,11.8
920,10.8
921,7.6
922,13.6
923,8.8
924,7.2
925,8.6
926,9.6
927,6.2
928,9.0
929,11.6
930,8.0
931,6.2
932,13.4
933,9.6
934,10.0
935,10.4
936,7.4
937,10.6
938,10.0
939,8.8
940,9.2
941,10.6
942,11.2
943,9.8
944,8.2
945,10.8
946,8.0
947,9.2
948,9.2
949,9.0
950,8.8
951,15.2
952,11.0
953,11.4
954,11.2
955,7.6
956,8.2
957,10.8
958,6.4
959,8.2
960,10.0
961,10.4
962,8.2
963,5.8
964,9.2
965,11.6
966,8.0
967,8.0
968,7.8
969,5.8
970,12.0
971,5.0
972,10.8
973,11.2
974,11.0
975,10.6
976,7.4
977,9.8
978,9.2
979,12.8
980,9.2
981,12.2
982,10.8
983,9.4
984,9.4
985,5.8
986,13.4
987,6.6
988,12.6
989,9.2
990,8.0
991,8.6
992,11.2
993,11.2
994,8.0
995,9.6
996,11.4
997,8.6
998,9.0
999,9.6
1000,5.4
1001,12.2
1002,9.8
1003,11.8
1004,8.2
1005,10.6
1006,12.0
1007,3.8
1008,11.2
1009,11.8
1010,10.0
1011,15.2
1012,11.2
1013,9.8
1014,9.0
1015,4.2
1016,13.0
1017,10.8
1018,7.4
1019,10.8
1020,9.4
1021,10.2
1022,8.0
1023,11.6
1024,9.8
1025,9.2
1026,11.2
1027,9.0
1028,9.2
1029,15.4
1030,13.2
1031,10.4
1032,9.4
1033,9.4
1034,11.8
1035,8.6
1036,9.2
1037,13.2
1038,12.4
1039,8.4
1040,10.0
1041,10.4
1042,8.6
1043,4.8
1044,10.2
1045,9.0
1046,12.6
1047,4.6
1048,10.8
1049,10.0
1050,10.6
1051,7.6
1052,9.8
1053,11.0
1054,10.6
1055,9.0
1056,9.6
1057,8.2
1058,16.4
1059,8.4
1060,6.4
1061,12.0
1062,7.8
1063,6.0
1064,7.8
1065,8.0
1066,9.2
1067,8.4
1068,13.2
1069,14.4
1070,9.2
1071,11.2
1072,9.2
1073,17.4
1074,9.0
1075,10.8
1076,10.4
1077,10.0
1078,11.2
1079,11.2
1080,9.8
1081,13.4
1082,10.2
1083,13.0
1084,9.8
1085,9.2
1086,8.6
1087,7.8
1088,9.8
1089,14.2
1090,11.0
1091,8.0
1092,8.8
1093,8.4
1094,8.0
1095,12.4
1096,7.4
1097,5.0
1098,10.0
1099,12.8
1100,12.0
1101,9.4
1102,10.4
1103,8.8
1104,8.0
1105,4.6
1106,10.0
1107,9.8
1108,8.8
1109,8.6
1110,6.6
1111,7.8
1112,11.4
1113,10.4
1114,10.4
1115,11.8
1116,6.6
1117,13.8
1118,12.0
1119,8.4
1120,3.8
1121,8.6
1122,11.0
1123,9.8
1124,5.4
1125,8.6
1126,10.8
1127,8.2
1128,10.2
1129,9.0
1130,11.4
1131,13.6
1132,10.0
1133,6.6
1134,10.2
1135,9.4
1136,8.4
1137,8.4
1138,7.8
1139,15.4
1140,5.2
1141,7.6
1142,9.8
1143,11.6
1144,9.8
1145,9.0
1146,10.0
1147,9.4
1148,10.4
1149,9.0
1150,7.6
1151,9.6
1152,12.0
1153,10.2
1154,9.6
1155,10.8
1156,6.8
1157,9.4
1158,9.0
1159,11.0
1160,10.4
1161,10.6
1162,5.2
1163,12.2
1164,9.4
1165,12.2
1166,10.2
1167,9.8
1168,7.2
1169,13.6
1170,8.8
1171,9.8
1172,8.8
1173,12.6
1174,14.2
1175,10.4
1176,10.2
1177,12.6
1178,10.0
1179,10.0
1180,11.2
1181,9.0
1182,7.2
1183,9.8
1184,11.8
1185,9.4
1186,10.4
1187,9.8
1188,9.2
1189,9.2
1190,6.0
1191,9.0
1192,11.2
1193,8.8
1194,10.8
1195,10.6
1196,9.0
1197,11.4
1198,7.4
1199,12.0
1200,9.8
1201,9.4
1202,5.6
1203,12.0
1204,10.0
1205,12.2
1206,9.6
1207,9.4
1208,13.4
1209,5.8
1210,10.6
1211,10.4
1212,9.6
1213,9.2
1214,9.6
1215,8.8
1216,10.4
1217,7.2
1218,11.0
1219,11.8
1220,12.0
1221,8.6
1222,12.2
1223,9.0
1224,11.8
1225,6.2
1226,8.0
1227,15.8
1228,8.8
1229,10.8
1230,10.8
1231,8.0
1232,10.0
1233,9.0
1234,12.6
1235,11.0
1236,9.8
1237,13.8
1238,10.2
1239,11.4
1240,8.4
1241,9.0
1242,13.2
1243,9.0
1244,9.2
1245,10.2
1246,10.4
1247,8.6
1248,9.8
1249,12.8
1250,11.2
1251,7.2
1252,7.2
1253,6.8
1254,10.2
1255,12.8
1256,7.0
1257,6.6
1258,7.4
1259,9.8
1260,11.6
1261,10.8
1262,12.6
1263,8.6
1264,10.4
1265,13.4
1266,7.6
1267,9.6
1268,9.6
1269,10.6
1270,8.2
1271,11.0
1272,11.8
1273,8.8
1274,17.2
1275,7.8
1276,7.6
1277,7.2
1278,10.2
1279,8.4
1280,7.2
1281,13.0
1282,15.2
1283,13.2
1284,15.2
1285,12.0
1286,9.4
1287,9.8
1288,7.0
1289,6.6
1290,7.6
1291,10.2
1292,9.4
1293,9.6
1294,8.6
1295,10.0
1296,10.6
1297,12.0
1298,6.6
1299,7.8
1300,9.8
1301,9.8
1302,7.0
1303,8.2
1304,9.4
1305,10.4
1306,10.4
1307,7.4
1308,4.2
1309,8.4
1310,9.2
1311,8.4
1312,7.2
1313,10.0
1314,6.8
1315,13.0
1316,9.8
1317,4.6
1318,8.2
1319,11.0
1320,13.2
1321,12.2
1322,13.0
1323,9.2
1324,11.2
1325,10.2
1326,11.8
1327,9.0
1328,11.2
1329,6.2
1330,11.4
1331,13.8
1332,7.2
1333,9.2
1334,9.4
1335,6.6
1336,9.6
1337,10.2
1338,13.0
1339,9.0
1340,14.4
1341,13.8
1342,12.0
1343,7.2
1344,8.2
1345,9.6
1346,8.8
1347,14.0
1348,5.8
1349,13.2
1350,8.4
1351,6.6
1352,9.4
1353,7.8
1354,6.4
1355,9.8
1356,10.6
1357,8.4
1358,8.2
1359,7.6
1360,5.8
1361,10.8
1362,12.2
1363,14.6
1364,9.0
1365,8.8
1366,12.8
1367,7.6
1368,7.6
1369,12.2
1370,9.4
1371,7.6
1372,13.6
1373,13.0
1374,7.4
1375,7.6
1376,9.2
1377,14.4
1378,7.2
1379,9.2
1380,9.8
1381,6.6
1382,10.4
1383,10.2
1384,12.6
1385,9.4
1386,6.8
1387,15.4
1388,7.0
1389,10.6
1390,11.0
1391,16.2
1392,7.0
1393,10.2
1394,10.6
1395,8.6
1396,9.6
1397,8.6
1398,10.2
1399,7.2
1400,7.6
1401,7.4
1402,13.0
1403,9.2
1404,9.6
1405,9.6
1406,9.0
1407,11.0
1408,9.2
1409,7.4
1410,11.8
1411,12.4
1412,15.6
1413,11.2
1414,12.0
1415,8.0
1416,10.4
1417,6.0
1418,10.6
1419,9.8
1420,10.2
1421,11.4
1422,9.4
1423,8.4
1424,6.6
1425,8.6
1426,9.6
1427,7.6
1428,11.2
1429,8.6
1430,11.8
1431,12.0
1432,5.4
1433,9.2
1434,6.8
1435,5.0
1436,8.6
1437,8.0
1438,14.6
1439,10.6
1440,11.2
1441,10.2
1442,12.6
1443,8.6
1444,7.8
1445,7.6
1446,9.6
1447,4.8
1448,8.0
1449,9.0
1450,4.2
1451,10.0
1452,10.2
1453,10.4
1454,6.8
1455,10.8
1456,16.4
1457,6.8
1458,8.0
1459,10.2
1460,8.2
1461,7.6
1462,12.4
1463,12.6
1464,13.2
1465,10.4
1466,10.6
1467,10.6
1468,7.8
1469,8.0
1470,9.4
1471,8.6
1472,9.4
1473,10.6
1474,7.8
1475,10.6
1476,9.8
1477,8.6
1478,5.4
1479,9.4
1480,10.6
1481,9.6
1482,5.8
1483,13.2
1484,8.0
1485,6.8
1486,8.0
1487,11.2
1488,10.4
1489,16.6
1490,9.2
1491,7.6
1492,11.2
1493,13.6
1494,11.6
1495,8.8
1496,11.4
1497,7.8
1498,11.4
1499,7.4
1500,14.6
1501,10.0
1502,13.6
1503,13.6
1504,6.2
1505,9.4
1506,9.2
1507,6.0
1508,17.6
1509,10.4
1510,8.0
1511,9.8
1512,12.4
1513,10.6
1514,11.2
1515,6.8
1516,6.2
1517,11.2
1518,11.2
1519,10.0
1520,12.6
1521,9.6
1522,9.0
1523,11.6
1524,10.2
1525,7.0
1526,9.6
1527,11.6
1528,11.0
1529,10.8
1530,9.4
1531,7.8
1532,8.8
1533,7.4
1534,9.2
1535,7.0
1536,9.4
1537,7.8
1538,10.6
1539,8.0
1540,13.2
1541,11.4
1542,7.4
1543,10.4
1544,5.8
1545,12.0
1546,5.8
1547,8.2
1548,10.4
1549,11.2
1550,12.0
1551,7.2
1552,9.2
1553,9.8
1554,9.0
1555,5.2
1556,12.0
1557,11.2
1558,9.8
1559,8.4
1560,3.8
1561,9.4
1562,5.8
1563,8.0
1564,13.2
1565,12.6
1566,6.2
1567,9.0
1568,6.0
1569,12.2
1570,11.6
1571,8.2
1572,6.2
1573,10.2
1574,11.2
1575,10.2
1576,11.2
1577,14.6
1578,10.6
1579,10.4
1580,4.4
1581,8.6
1582,9.8
1583,11.4
1584,3.6
1585,12.0
1586,7.4
1587,7.2
1588,11.0
1589,11.0
1590,11.4
1591,7.6
1592,9.4
1593,8.4
1594,10.4
1595,11.0
1596,9.8
1597,8.8
1598,7.2
1599,11.8
1600,7.4
1601,9.0
1602,7.6
1603,7.2
1604,17.8
1605,8.6
1606,9.6
1607,8.6
1608,8.6
1609,9.2
1610,11.0
1611,11.8
1612,14.4
1613,10.0
1614,9.6
1615,10.4
1616,7.0
1617,6.2
1618,8.0
1619,5.0
1620,9.8
1621,9.0
1622,4.8
1623,8.8
1624,10.2
1625,12.8
1626,7.4
1627,9.2
1628,10.4
1629,8.6
1630,9.2
1631,11.2
1632,7.4
1633,10.2
1634,11.0
1635,10.8
1636,10.0
1637,9.2
1638,7.6
1639,8.0
1640,10.0
1641,6.8
1642,5.0
1643,10.4
1644,10.4
1645,6.8
1646,10.6
1647,12.6
1648,10.2
1649,7.6
1650,11.8
1651,7.8
1652,8.8
1653,13.8
1654,13.6
1655,10.6
1656,11.8
1657,7.8
1658,8.2
1659,9.8
1660,7.0
1661,6.8
1662,10.4
1663,9.4
1664,8.6
1665,7.6
1666,12.0
1667,8.2
1668,11.2
1669,10.4
1670,8.0
1671,13.0
1672,8.4
1673,8.4
1674,4.6
1675,11.6
1676,10.4
1677,16.6
1678,6.0
1679,9.4
1680,11.6
1681,12.6
1682,10.4
1683,13.6
1684,10.6
1685,14.0
1686,11.8
1687,5.2
1688,10.0
1689,10.8
1690,7.0
1691,10.0
1692,8.8
1693,4.6
1694,11.4
1695,10.8
1696,8.2
1697,10.0
1698,4.6
1699,6.6
1700,7.4
1701,6.6
1702,9.4
1703,18.0
1704,6.2
1705,8.4
1706,6.0
1707,13.2
1708,6.2
1709,6.8
1710,8.0
1711,10.4
1712,9.2
1713,10.0
1714,8.6
1715,7.8
1716,10.8
1717,10.2
1718,9.0
1719,9.0
1720,9.8
1721,6.8
1722,9.8
1723,3.8
1724,10.0
1725,10.6
1726,10.2
1727,8.4
1728,5.4
1729,12.4
1730,10.6
1731,9.2
1732,9.6
1733,4.2
1734,7.4
1735,11.6
1736,8.8
1737,10.6
1738,9.4
1739,8.8
1740,8.8
1741,10.8
1742,7.4
1743,10.2
1744,11.2
1745,10.2
1746,8.8
1747,8.2
1748,11.2
1749,10.8
1750,9.6
1751,13.0
1752,9.0
1753,8.0
1754,12.0
1755,10.2
1756,9.8
1757,7.0
1758,11.0
1759,9.8
1760,4.8
1761,11.8
1762,10.4
1763,9.2
1764,4.6
1765,5.2
1766,9.0
1767,9.6
1768,8.8
1769,10.4
1770,9.4
1771,5.8
1772,10.0
1773,11.6
1774,9.8
1775,8.0
1776,11.2
1777,13.4
1778,11.4
1779,11.0
1780,9.2
1781,8.4
1782,9.6
1783,7.8
1784,10.0
1785,9.4
1786,8.4
1787,9.6
1788,10.0
1789,10.6
1790,8.4
1791,9.4
1792,10.6
1793,7.0
1794,11.0
1795,8.4
1796,8.2
1797,9.8
1798,10.0
1799,9.4
1800,10.0
1801,10.0
1802,10.4
1803,9.6
1804,13.6
1805,9.2
1806,10.4
1807,11.6
1808,9.6
1809,9.0
1810,9.4
1811,4.8
1812,9.6
1813,10.4
1814,7.4
1815,7.0
1816,9.4
1817,7.6
1818,9.2
1819,11.0
1820,9.0
1821,4.8
1822,9.4
1823,9.6
1824,11.8
1825,8.0
1826,10.0
1827,9.6
1828,8.6
1829,14.2
1830,9.8
1831,10.4
1832,10.2
1833,9.0
1834,8.8
1835,9.4
1836,11.8
1837,11.6
1838,9.4
1839,15.4
1840,10.8
1841,9.2
1842,7.4
1843,10.8
1844,5.8
1845,10.0
1846,4.8
1847,5.4
1848,10.4
1849,14.4
1850,10.0
1851,5.0
1852,12.2
1853,6.4
1854,9.0
1855,8.4
1856,9.6
1857,6.0
1858,11.4
1859,8.6
1860,10.6
1861,8.0
1862,11.4
1863,6.8
1864,9.4
1865,8.8
1866,5.0
1867,10.6
1868,9.2
1869,12.8
1870,10.2
1871,9.8
1872,7.4
1873,15.4
1874,10.2
1875,8.6
1876,4.2
1877,9.0
1878,11.2
1879,5.8
1880,7.4
1881,7.0
1882,9.2
1883,12.4
1884,11.0
1885,8.8
1886,11.0
1887,8.6
1888,10.0
1889,9.2
1890,10.4
1891,9.8
1892,11.2
1893,11.2
1894,5.8
1895,13.4
1896,10.0
1897,9.0
1898,10.2
1899,11.8
1900,6.6
1901,8.2
1902,12.0
1903,9.4
1904,12.6
1905,9.8
1906,11.4
1907,9.6
1908,10.0
1909,12.6
1910,7.8
1911,8.4
1912,7.4
1913,6.0
1914,8.8
1915,11.6
1916,12.0
1917,9.2
1918,11.6
1919,8.8
1920,11.6
1921,9.4
1922,6.0
1923,9.4
1924,6.0
1925,12.0
1926,9.8
1927,9.4
1928,11.0
1929,8.6
1930,5.8
1931,13.6
1932,11.8
1933,11.8
1934,8.8
1935,9.6
1936,9.4
1937,9.4
1938,7.2
1939,10.2
1940,8.0
1941,11.2
1942,10.0
1943,4.4
1944,8.0
1945,7.0
1946,13.2
1947,9.8
1948,10.8
1949,13.0
1950,15.0
1951,9.8
1952,5.4
1953,6.8
1954,8.0
1955,8.0
1956,8.6
1957,9.8
1958,9.4
1959,12.6
1960,9.4
1961,10.4
1962,10.8
1963,16.2
1964,7.4
1965,10.8
1966,14.0
1967,9.2
1968,8.6
1969,9.8
1970,10.0
1971,11.0
1972,14.6
1973,9.4
1974,10.6
1975,10.4
1976,9.4
1977,13.8
1978,7.4
1979,11.2
1980,10.4
1981,14.6
1982,8.6
1983,6.6
1984,9.2
1985,7.2
1986,10.4
1987,12.2
1988,7.8
1989,10.2
1990,5.2
1991,9.8
1992,7.6
1993,9.0
1994,11.6
1995,5.0
1996,7.0
1997,16.4
1998,10.4
1999,11.2
2000,10.2
2001,9.2
2002,7.8
2003,7.6
2004,10.4
2005,10.0
2006,10.0
2007,10.6
2008,13.8
2009,12.6
2010,7.4
2011,5.0
2012,10.2
2013,13.4
2014,7.6
2015,10.0
2016,6.0
2017,13.8
2018,9.0
2019,9.8
2020,10.2
2021,10.4
2022,13.0
2023,10.2
2024,7.6
2025,10.0
2026,10.6
2027,9.6
2028,7.6
2029,10.4
2030,9.8
2031,11.8
2032,9.0
2033,10.6
2034,11.0
2035,9.4
2036,8.8
2037,9.2
2038,7.0
2039,12.2
2040,12.4
2041,10.0
2042,10.0
2043,10.0
2044,10.8
2045,6.2
2046,9.4
2047,8.6
2048,9.6
2049,9.4
2050,5.2
2051,7.2
2052,11.6
2053,10.8
2054,11.6
2055,7.4
2056,4.2
2057,6.2
2058,10.6
2059,8.8
2060,9.4
2061,10.8
2062,9.0
2063,9.2
2064,10.4
2065,12.8
2066,11.0
2067,10.0
2068,7.0
2069,10.0
2070,7.2
2071,7.4
2072,9.2
2073,11.4
2074,6.8
2075,8.0
2076,7.8
2077,10.0
2078,11.0
2079,9.2
2080,10.6
2081,13.6
2082,11.8
2083,10.2
2084,8.8
2085,9.8
2086,8.0
2087,6.6
2088,7.2
2089,7.2
2090,16.2
2091,12.2
2092,8.4
2093,12.2
2094,14.4
2095,9.6
2096,11.8
2097,13.2
2098,9.4
2099,6.8
2100,15.0
2101,9.6
2102,16.4
2103,10.2
2104,10.8
2105,9.0
2106,13.6
2107,11.2
2108,11.0
2109,9.6
2110,7.6
2111,10.4
2112,9.0
2113,11.6
2114,8.2
2115,14.0
2116,11.0
2117,8.0
2118,15.0
2119,9.4
2120,10.8
2121,13.4
2122,11.2
2123,6.2
2124,12.2
2125,11.2
2126,8.4
2127,8.4
2128,7.8
2129,14.0
2130,10.4
2131,6.8
2132,10.4
2133,11.0
2134,11.4
2135,13.8
2136,6.2
2137,8.6
2138,11.8
2139,7.6
2140,13.4
2141,11.8
2142,11.0
2143,8.8
2144,10.0
2145,8.0
2146,8.4
2147,8.8
2148,10.4
2149,9.6
2150,6.2
2151,9.2
2152,11.2
2153,9.0
2154,11.0
2155,9.0
2156,10.6
2157,7.2
2158,10.0
2159,12.0
2160,4.2
2161,5.6
2162,6.4
2163,5.2
2164,14.6
2165,11.8
2166,9.2
2167,8.8
2168,10.8
2169,7.6
2170,9.8
2171,9.2
2172,8.0
2173,3.6
2174,8.2
2175,9.6
2176,12.6
2177,6.4
2178,6.6
2179,7.2
2180,10.6
2181,9.8
2182,11.6
2183,12.4
2184,11.8
2185,11.0
2186,9.8
2187,9.2
2188,8.2
2189,8.4
2190,13.8
2191,5.0
2192,7.8
2193,11.2
2194,9.0
2195,3.8
2196,9.6
2197,10.2
2198,5.0
2199,9.4
2200,7.2
2201,11.2
2202,11.4
2203,12.8
2204,11.8
2205,11.2
2206,8.0
2207,6.4
2208,9.8
2209,10.0
2210,7.6
2211,11.4
2212,8.6
2213,7.8
2214,10.6
2215,6.0
2216,6.2
2217,9.8
2218,10.4
2219,12.0
2220,9.8
2221,7.4
2222,17.0
2223,11.8
2224,9.8
2225,11.6
2226,10.4
2227,5.2
2228,8.8
2229,11.2
2230,10.4
2231,11.2
2232,15.4
2233,3.6
2234,8.8
2235,10.4
2236,9.0
2237,9.8
2238,10.4
2239,5.8
2240,11.4
2241,10.4
2242,4.8
2243,9.4
2244,10.0
2245,10.8
2246,7.4
2247,9.8
2248,5.0
2249,6.2
2250,9.0
2251,10.0
2252,8.6
2253,13.6
2254,11.6
2255,10.0
2256,7.8
2257,10.6
2258,7.2
2259,8.2
2260,9.4
2261,6.4
2262,10.2
2263,8.2
2264,8.8
2265,8.8
2266,8.2
2267,9.2
2268,11.0
2269,8.2
2270,5.8
2271,11.0
2272,9.6
2273,7.0
2274,8.6
2275,7.4
2276,10.2
2277,10.4
2278,11.2
2279,10.0
2280,12.6
2281,9.0
2282,10.2
2283,9.6
2284,7.0
2285,8.8
2286,10.2
2287,8.6
2288,9.6
2289,10.4
2290,7.2
2291,12.0
2292,8.2
2293,9.8
2294,5.2
2295,7.2
2296,9.6
2297,10.0
2298,10.0
2299,11.6
2300,8.0
2301,10.4
2302,10.0
2303,8.6
2304,12.2
2305,8.4
2306,7.8
2307,11.0
2308,8.8
2309,10.8
2310,11.8
2311,6.4
2312,4.6
2313,4.6
2314,11.2
2315,12.2
2316,14.4
2317,4.4
2318,10.6
2319,8.2
2320,12.8
2321,10.2
2322,5.8
2323,7.2
2324,11.0
2325,10.0
2326,10.0
2327,8.6
2328,8.2
2329,5.4
2330,8.4
2331,10.6
2332,10.4
2333,10.0
2334,10.6
2335,4.0
2336,8.2
2337,10.4
2338,11.0
2339,10.4
2340,10.4
2341,11.0
2342,10.2
2343,5.6
2344,10.6
2345,9.6
2346,10.0
2347,10.6
2348,8.4
2349,7.4
2350,9.0
2351,9.6
2352,10.4
2353,9.6
2354,10.4
2355,6.8
2356,13.6
2357,9.8
2358,9.2
2359,10.4
2360,5.8
2361,9.4
2362,10.4
2363,12.0
2364,11.0
2365,12.4
2366,10.0
2367,7.4
2368,8.4
2369,10.8
2370,6.2
2371,10.0
2372,11.4
2373,9.6
2374,4.8
2375,9.8
2376,9.0
2377,9.8
2378,8.2
2379,9.2
2380,7.6
2381,14.2
2382,12.6
2383,6.8
2384,8.6
2385,8.0
2386,13.8
2387,9.4
2388,10.2
2389,8.8
2390,6.4
2391,8.8
2392,10.8
2393,8.2
2394,9.4
2395,9.2
2396,6.2
2397,10.8
2398,13.8
2399,10.6
2400,10.2
2401,9.6
2402,10.0
2403,9.8
2404,10.4
2405,10.4
2406,11.4
2407,13.4
2408,10.8
2409,11.2
2410,10.2
2411,9.2
2412,9.2
2413,10.6
2414,6.8
2415,9.4
2416,11.2
2417,9.4
2418,7.0
2419,7.2
2420,7.4
2421,10.8
2422,8.2
2423,11.6
2424,10.0
2425,11.4
2426,10.8
2427,10.2
2428,10.2
2429,10.2
2430,12.2
2431,8.4
2432,8.0
2433,9.6
2434,5.4
2435,6.2
2436,7.4
2437,8.2
2438,9.0
2439,12.0
2440,10.4
2441,12.8
2442,11.0
2443,11.4
2444,10.0
2445,10.0
2446,10.0
2447,8.6
2448,11.0
2449,10.0
2450,10.6
2451,9.8
2452,9.8
2453,9.6
2454,14.4
2455,10.4
2456,10.2
2457,10.6
2458,12.6
2459,6.8
2460,7.0
2461,14.4
2462,9.2
2463,10.6
2464,9.8
2465,13.8
2466,11.0
2467,8.4
2468,6.4
2469,8.8
2470,11.8
2471,11.6
2472,12.4
2473,10.2
2474,7.8
2475,10.6
2476,9.2
2477,7.2
2478,14.6
2479,9.0
2480,11.8
2481,11.6
2482,10.4
2483,10.8
2484,8.8
2485,8.0
2486,11.4
2487,17.0
2488,11.0
2489,9.6
2490,8.6
2491,9.2
2492,8.8
2493,7.0
2494,9.6
2495,9.0
2496,10.8
2497,11.0
2498,11.4
2499,6.4
2500,10.6
2501,11.2
2502,12.6
2503,10.6
2504,10.2
2505,10.0
2506,7.8
2507,9.8
2508,12.8
2509,15.6
2510,10.6
2511,10.0
2512,9.6
2513,10.6
2514,9.2
2515,9.4
2516,9.2
2517,9.6
2518,7.2
2519,7.2
2520,9.8
2521,8.2
2522,6.6
2523,10.8
2524,9.6
2525,4.8
2526,9.4
2527,13.6
2528,8.2
2529,7.2
2530,11.0
2531,7.2
2532,7.0
2533,8.4
2534,8.2
2535,7.6
2536,11.0
2537,10.6
2538,12.8
2539,10.8
2540,14.0
2541,12.8
2542,9.4
2543,9.4
2544,12.6
2545,12.2
2546,9.8
2547,10.2
2548,8.2
2549,10.2
2550,8.4
2551,11.6
2552,9.0
2553,9.4
2554,6.0
2555,8.4
2556,11.4
2557,10.0
2558,10.6
2559,7.6
2560,5.0
2561,8.8
2562,8.0
2563,11.0
2564,7.0
2565,9.8
2566,4.8
2567,10.8
2568,13.4
2569,9.6
2570,8.6
2571,10.0
2572,10.2
2573,9.6
2574,13.8
2575,13.2
2576,10.0
2577,8.8
2578,6.6
2579,13.6
2580,5.6
2581,7.2
2582,8.8
2583,9.8
2584,9.2
2585,7.6
2586,13.4
2587,10.4
2588,13.2
2589,13.6
2590,10.8
2591,10.0
2592,8.6
2593,15.0
2594,11.8
2595,10.6
2596,7.6
2597,11.4
2598,8.8
2599,9.6
2600,9.6
2601,6.4
2602,11.8
2603,11.6
2604,10.8
2605,10.0
2606,9.2
2607,11.2
2608,8.0
2609,12.8
2610,9.4
2611,9.8
2612,5.8
2613,6.4
2614,11.2
2615,11.4
2616,7.0
2617,10.4
2618,10.8
2619,8.2
2620,10.0
2621,13.6
2622,11.6
2623,6.8
2624,7.6
2625,7.2
2626,8.4
2627,12.6
2628,10.0
2629,4.8
2630,11.8
2631,14.0
2632,9.2
2633,13.2
2634,9.6
2635,11.4
2636,9.6
2637,8.6
2638,8.0
2639,9.2
2640,9.6
2641,9.0
2642,10.8
2643,8.6
2644,13.8
2645,12.0
2646,10.0
2647,4.8
2648,12.6
2649,10.8
2650,11.8
2651,8.8
2652,6.8
2653,11.0
2654,11.6
2655,6.0
2656,9.6
2657,7.2
2658,4.2
2659,9.0
2660,12.2
2661,6.8
2662,8.6
2663,10.4
2664,10.6
2665,4.2
2666,9.4
2667,9.0
2668,10.6
2669,14.4
2670,9.6
2671,9.4
2672,15.6
2673,10.8
2674,14.0
2675,8.2
2676,8.6
2677,10.4
2678,11.2
2679,9.8
2680,6.2
2681,5.4
2682,9.4
2683,8.4
2684,9.4
2685,10.8
2686,12.0
2687,10.2
2688,6.8
2689,10.2
2690,8.8
2691,10.4
2692,8.6
2693,11.6
2694,11.8
2695,10.4
2696,7.0
2697,7.6
2698,9.0
2699,5.8
2700,12.0
2701,9.4
2702,7.0
2703,10.4
2704,13.8
2705,11.6
2706,7.8
2707,9.2
2708,11.0
2709,12.4
2710,9.6
2711,11.2
2712,11.4
2713,7.6
2714,9.0
2715,9.6
2716,10.6
2717,17.0
2718,17.2
2719,9.6
2720,9.2
2721,12.2
2722,12.2
2723,13.0
2724,9.4
2725,15.4
2726,9.8
2727,11.0
2728,12.6
2729,6.4
2730,13.0
2731,11.4
2732,5.0
2733,9.2
2734,9.2
2735,10.4
2736,11.6
2737,7.4
2738,9.4
2739,6.8
2740,8.4
2741,8.0
2742,10.0
2743,10.8
2744,8.0
2745,10.6
2746,9.4
2747,11.6
2748,10.4
2749,9.4
2750,13.4
2751,12.2
2752,12.2
2753,10.2
2754,9.6
2755,11.2
2756,10.0
2757,10.0
2758,8.8
2759,9.2
2760,9.0
2761,9.2
2762,9.6
2763,8.6
2764,9.2
2765,9.0
2766,12.4
2767,13.2
2768,11.8
2769,9.0
2770,13.0
2771,10.2
2772,9.2
2773,9.6
2774,8.4
2775,9.8
2776,11.0
2777,9.4
2778,9.2
2779,6.8
2780,9.0
2781,12.6
2782,10.4
2783,9.2
2784,9.6
2785,10.0
2786,7.0
2787,11.2
2788,12.0
2789,11.6
2790,10.8
2791,8.6
2792,13.4
2793,13.8
2794,10.0
2795,9.2
2796,9.2
2797,9.4
2798,10.4
2799,10.4
2800,8.6
2801,9.0
2802,11.8
2803,11.6
2804,13.0
2805,10.0
2806,10.4
2807,10.6
2808,9.2
2809,8.8
2810,9.0
2811,14.0
2812,5.2
2813,9.8
2814,10.8
2815,10.2
2816,8.8
2817,12.0
2818,9.8
2819,9.6
2820,7.6
2821,12.2
2822,7.8
2823,10.4
2824,8.8
2825,4.6
2826,9.4
2827,14.2
2828,8.0
2829,4.0
2830,10.4
2831,7.6
2832,7.4
2833,10.2
2834,11.2
2835,8.0
2836,11.2
2837,7.2
2838,9.4
2839,6.6
2840,8.4
2841,10.4
2842,12.6
2843,7.6
2844,8.0
2845,7.6
2846,13.8
2847,9.0
2848,11.2
2849,11.2
2850,8.2
2851,6.0
2852,10.2
2853,10.6
2854,7.8
2855,8.6
2856,6.2
2857,13.4
2858,11.2
2859,8.8
2860,11.8
2861,9.6
2862,8.6
2863,11.6
2864,11.8
2865,9.8
2866,13.8
2867,12.0
2868,9.2
2869,8.4
2870,9.6
2871,4.2
2872,7.4
2873,11.2
2874,6.6
2875,12.0
2876,11.2
2877,7.8
2878,9.8
2879,7.6
2880,13.4
2881,10.0
2882,14.0
2883,12.4
2884,10.4
2885,8.8
2886,6.6
2887,12.4
2888,6.4
2889,8.6
2890,11.6
2891,10.4
2892,8.8
2893,10.4
2894,9.8
2895,8.4
2896,6.8
2897,8.4
2898,12.4
2899,7.8
2900,8.0
2901,10.4
2902,8.0
2903,6.2
2904,10.6
2905,11.8
2906,9.6
2907,9.6
2908,8.0
2909,9.6
2910,12.2
2911,11.2
2912,9.6
2913,9.2
2914,5.6
2915,10.8
2916,8.8
2917,9.8
2918,7.4
2919,11.0
2920,4.2
2921,6.6
2922,10.2
2923,9.8
2924,11.2
